N° Siniestro;Fecha;Fecha denuncia;Asegurado;RUT;Teléfono;Correo;Dirección;Cuenta pago;Patente;Lugar;Taller;Testigos;Parte policial;Póliza;Inicio vigencia;Fin vigencia;Cambio cobertura;Suma asegurada;Deducible;Monto;Relato;Resultado
HIS-2025-0001;04-10-2025 08:10;07-10-2025;Asegurado demo 007;DEMO-0007;+56 9 0007 5823;asegurado007@example.com;Pasaje Demo 7, La Florida;DEMO-CTA-100007;ZX0007;Av. Demo 8667, Vitacura;Carrocerías del Valle;0;;AUT-D372745;03-12-2023;02-12-2025;;9.000.000;250.000;2.111.000;;pagado
HIS-2025-0002;07-10-2025 12:40;09-10-2025;Asegurado demo 025;DEMO-0025;+56 9 0025 4739;asegurado025@example.com;Pasaje Demo 25, Providencia;DEMO-CTA-100025;ZX0025;Av. Demo 5256, Las Condes;Taller Demo Norte;0;;AUT-D679843;07-06-2024;07-06-2026;;7.000.000;0;2.305.000;;pagado
HIS-2025-0003;07-10-2025 15:10;07-10-2025;Asegurado demo 058;DEMO-0058;+56 9 0058 8910;asegurado058@example.com;Pasaje Demo 58, Macul;DEMO-CTA-100058;ZX0058;Av. Demo 8775, Vitacura;Servicio Técnico Andes;1;;AUT-D352744;23-07-2023;22-07-2026;;7.000.000;150.000;1.294.000;;pagado
HIS-2025-0004;07-10-2025 20:10;09-10-2025;Asegurado demo 040;DEMO-0040;+56 9 0040 5401;asegurado040@example.com;Pasaje Demo 40, Santiago;DEMO-CTA-100040;ZX0040;Av. Demo 6152, Ñuñoa;Desabolladura Los Pinos;2;;AUT-D906290;28-02-2024;27-02-2026;;7.000.000;0;591.000;;pagado
HIS-2025-0005;08-10-2025 15:40;11-10-2025;Asegurado demo 069;DEMO-0069;+56 9 0069 7679;asegurado069@example.com;Pasaje Demo 69, La Florida;DEMO-CTA-100069;ZX0069;Av. Demo 182, Vitacura;Taller Demo Norte;0;;AUT-D338471;08-03-2025;08-03-2027;;6.000.000;150.000;2.017.000;;pagado
HIS-2025-0006;13-10-2025 08:30;13-10-2025;Asegurado demo 064;DEMO-0064;+56 9 0064 2432;asegurado064@example.com;Pasaje Demo 64, Maipú;DEMO-CTA-100064;ZX0064;Av. Demo 7327, Las Condes;Servicio Técnico Andes;0;;AUT-D272584;23-01-2024;22-01-2026;;7.000.000;100.000;2.267.000;;pagado
HIS-2025-0007;15-10-2025 10:30;15-10-2025;Asegurado demo 088;DEMO-0088;+56 9 0088 2176;asegurado088@example.com;Pasaje Demo 88, Puente Alto;DEMO-CTA-100088;ZX0088;Av. Demo 4803, Puente Alto;Carrocerías del Valle;2;;AUT-D809273;25-07-2023;24-07-2026;;8.000.000;250.000;978.000;;pagado
HIS-2025-0008;15-10-2025 11:50;15-10-2025;Asegurado demo 061;DEMO-0061;+56 9 0061 5183;asegurado061@example.com;Pasaje Demo 61, Las Condes;DEMO-CTA-100061;ZX0061;Av. Demo 7430, Macul;Automotriz Central;1;;AUT-D827569;17-05-2023;16-05-2026;;9.000.000;250.000;2.311.000;;pagado
HIS-2025-0009;15-10-2025 12:40;18-10-2025;Asegurado demo 108;DEMO-0108;+56 9 0108 1538;asegurado108@example.com;Pasaje Demo 108, Maipú;DEMO-CTA-100108;ZX0108;Av. Demo 8768, Ñuñoa;Automotriz Costanera;2;;AUT-D519216;15-04-2024;15-04-2026;;8.000.000;0;630.000;;pagado
HIS-2025-0010;17-10-2025 12:50;17-10-2025;Asegurado demo 103;DEMO-0103;+56 9 0103 8643;asegurado103@example.com;Pasaje Demo 103, Vitacura;DEMO-CTA-100103;ZX0103;Av. Demo 857, La Florida;Taller Demo Poniente;1;;AUT-D829142;08-09-2023;07-09-2026;;6.000.000;0;1.787.000;;pagado
HIS-2025-0011;29-10-2025 08:20;29-10-2025;Asegurado demo 012;DEMO-0012;+56 9 0012 2738;asegurado012@example.com;Pasaje Demo 12, Puente Alto;DEMO-CTA-100012;ZX0012;Av. Demo 519, Macul;Taller Demo Poniente;1;;AUT-D815961;03-09-2024;03-09-2026;;9.000.000;150.000;2.043.000;;pagado
HIS-2025-0012;01-11-2025 10:30;01-11-2025;Asegurado demo 111;DEMO-0111;+56 9 0111 5011;asegurado111@example.com;Pasaje Demo 111, Providencia;DEMO-CTA-100111;ZX0111;Av. Demo 2553, Vitacura;Taller Demo Poniente;0;;AUT-D455660;21-07-2025;21-07-2027;;7.000.000;250.000;909.000;;pagado
HIS-2025-0013;02-11-2025 09:00;03-11-2025;Asegurado demo 109;DEMO-0109;+56 9 0109 4904;asegurado109@example.com;Pasaje Demo 109, Santiago;DEMO-CTA-100109;ZX0109;Av. Demo 8483, Maipú;Automotriz Central;0;;AUT-D990895;05-08-2025;05-08-2027;;5.000.000;150.000;222.000;;pagado
HIS-2025-0014;02-11-2025 14:50;04-11-2025;Asegurado demo 011;DEMO-0011;+56 9 0011 9269;asegurado011@example.com;Pasaje Demo 11, La Florida;DEMO-CTA-100011;ZX0011;Av. Demo 8418, Puente Alto;Automotriz Costanera;0;;AUT-D645291;18-04-2025;18-04-2027;;5.000.000;100.000;1.740.000;;rechazado
HIS-2025-0015;05-11-2025 08:50;05-11-2025;Asegurado demo 079;DEMO-0079;+56 9 0079 7940;asegurado079@example.com;Pasaje Demo 79, Las Condes;DEMO-CTA-100079;ZX0079;Av. Demo 7338, Vitacura;Automotriz Central;1;;AUT-D598675;30-06-2024;30-06-2026;;7.000.000;150.000;603.000;;pagado
HIS-2025-0016;06-11-2025 15:50;07-11-2025;Asegurado demo 017;DEMO-0017;+56 9 0017 4790;asegurado017@example.com;Pasaje Demo 17, Providencia;DEMO-CTA-100017;ZX0017;Av. Demo 545, Santiago;Servicio Técnico Andes;1;;AUT-D689302;17-07-2024;17-07-2026;;6.000.000;100.000;649.000;;pagado
HIS-2025-0017;06-11-2025 17:20;06-11-2025;Asegurado demo 106;DEMO-0106;+56 9 0106 3938;asegurado106@example.com;Pasaje Demo 106, Puente Alto;DEMO-CTA-100106;ZX0106;Av. Demo 9260, Providencia;Taller Demo Norte;0;;AUT-D116683;27-07-2023;26-07-2026;;7.000.000;0;1.484.000;;pagado
HIS-2025-0018;08-11-2025 12:30;08-11-2025;Asegurado demo 130;DEMO-0130;+56 9 0130 8428;asegurado130@example.com;Pasaje Demo 130, Providencia;DEMO-CTA-100130;ZX0130;Av. Demo 5633, Puente Alto;Taller Mecánico Oriente;2;;AUT-D330723;14-07-2024;14-07-2026;;8.000.000;100.000;1.032.000;;pagado
HIS-2025-0019;10-11-2025 18:40;10-11-2025;Asegurado demo 087;DEMO-0087;+56 9 0087 9842;asegurado087@example.com;Pasaje Demo 87, Vitacura;DEMO-CTA-100087;ZX0087;Av. Demo 4836, Las Condes;Taller Demo Norte;1;;AUT-D340524;01-04-2024;01-04-2026;;8.000.000;0;473.000;;pagado
HIS-2025-0020;11-11-2025 21:50;13-11-2025;Asegurado demo 033;DEMO-0033;+56 9 0033 6345;asegurado033@example.com;Pasaje Demo 33, Vitacura;DEMO-CTA-100033;ZX0033;Av. Demo 5039, Ñuñoa;Carrocerías del Valle;1;;AUT-D622976;18-08-2024;18-08-2026;;4.000.000;0;2.325.000;;pagado
HIS-2025-0021;14-11-2025 10:10;15-11-2025;Asegurado demo 052;DEMO-0052;+56 9 0052 6798;asegurado052@example.com;Pasaje Demo 52, Las Condes;DEMO-CTA-100052;ZX0052;Av. Demo 7110, Providencia;Servicio Técnico Andes;2;;AUT-D765087;29-06-2024;29-06-2026;;9.000.000;150.000;1.376.000;;pagado
HIS-2025-0022;20-11-2025 20:50;20-11-2025;Asegurado demo 047;DEMO-0047;+56 9 0047 3508;asegurado047@example.com;Pasaje Demo 47, Las Condes;DEMO-CTA-100047;ZX0047;Av. Demo 4693, La Florida;Servicio Técnico Andes;0;;AUT-D380555;21-07-2025;21-07-2027;;8.000.000;150.000;724.000;;pagado
HIS-2025-0023;20-11-2025 23:15;23-11-2025;Asegurado demo 134;DEMO-0134;+56 9 0134 1366;asegurado134@example.com;Pasaje Demo 134, Providencia;DEMO-CTA-777001;ZX0134;Av. Demo 8561, Las Condes;Taller Demo Sur;0;;AUT-D497771;06-11-2025;06-11-2027;;6.000.000;100.000;5.760.000;Dejé el auto estacionado frente a mi domicilio durante la noche y al volver encontré el parachoques trasero y el costado izquierdo dañados, sin que nadie dejara sus datos. Solicito la reparación en el taller de mi confianza.;fraude
HIS-2025-0024;22-11-2025 14:10;25-11-2025;Asegurado demo 117;DEMO-0117;+56 9 0117 1442;asegurado117@example.com;Pasaje Demo 117, La Florida;DEMO-CTA-100117;ZX0117;Av. Demo 513, Santiago;Automotriz Central;1;;AUT-D163143;06-02-2025;06-02-2027;;8.000.000;0;2.333.000;;pagado
HIS-2025-0025;28-11-2025 12:50;01-12-2025;Asegurado demo 089;DEMO-0089;+56 9 0089 7793;asegurado089@example.com;Pasaje Demo 89, La Florida;DEMO-CTA-100089;ZX0089;Av. Demo 899, Ñuñoa;Taller Demo Poniente;2;;AUT-D532628;14-04-2025;14-04-2027;;8.000.000;250.000;2.006.000;;pagado
HIS-2025-0026;29-11-2025 15:50;30-11-2025;Asegurado demo 036;DEMO-0036;+56 9 0036 7252;asegurado036@example.com;Pasaje Demo 36, Maipú;DEMO-CTA-100036;ZX0036;Av. Demo 7166, La Florida;Carrocerías del Valle;0;;AUT-D435580;28-11-2023;27-11-2026;;8.000.000;150.000;2.020.000;;pagado
HIS-2025-0027;05-12-2025 21:30;06-12-2025;Asegurado demo 073;DEMO-0073;+56 9 0073 4201;asegurado073@example.com;Pasaje Demo 73, La Florida;DEMO-CTA-100073;ZX0073;Av. Demo 7388, Puente Alto;Taller Demo Poniente;2;;AUT-D162048;20-02-2024;19-02-2026;;9.000.000;150.000;348.000;;pagado
HIS-2025-0028;07-12-2025 09:10;10-12-2025;Asegurado demo 120;DEMO-0120;+56 9 0120 7599;asegurado120@example.com;Pasaje Demo 120, Ñuñoa;DEMO-CTA-100120;ZX0120;Av. Demo 1097, Vitacura;Automotriz Central;0;;AUT-D274540;20-10-2024;20-10-2026;;8.000.000;100.000;1.073.000;;pagado
HIS-2025-0029;08-12-2025 15:40;08-12-2025;Asegurado demo 066;DEMO-0066;+56 9 0066 3440;asegurado066@example.com;Pasaje Demo 66, Santiago;DEMO-CTA-100066;ZX0066;Av. Demo 6318, Ñuñoa;Taller Demo Poniente;2;;AUT-D538964;20-05-2025;20-05-2027;;4.000.000;150.000;2.298.000;;pagado
HIS-2025-0030;14-12-2025 21:00;17-12-2025;Asegurado demo 050;DEMO-0050;+56 9 0050 3683;asegurado050@example.com;Pasaje Demo 50, Macul;DEMO-CTA-100050;ZX0050;Av. Demo 3367, Las Condes;Desabolladura Los Pinos;0;;AUT-D793761;06-12-2023;05-12-2026;;7.000.000;250.000;1.071.000;;pagado
HIS-2025-0031;15-12-2025 19:30;18-12-2025;Asegurado demo 122;DEMO-0122;+56 9 0122 1865;asegurado122@example.com;Pasaje Demo 122, Puente Alto;DEMO-CTA-100122;ZX0122;Av. Demo 1289, Ñuñoa;Servicio Técnico Andes;1;;AUT-D337429;05-10-2023;04-10-2026;;4.000.000;100.000;1.698.000;;pagado
HIS-2025-0032;18-12-2025 16:20;20-12-2025;Asegurado demo 098;DEMO-0098;+56 9 0098 6607;asegurado098@example.com;Pasaje Demo 98, Santiago;DEMO-CTA-100098;ZX0098;Av. Demo 6695, Macul;Taller Demo Norte;2;;AUT-D779136;09-01-2024;08-01-2026;;8.000.000;0;1.975.000;;pagado
HIS-2025-0033;19-12-2025 12:10;21-12-2025;Asegurado demo 121;DEMO-0121;+56 9 0121 7432;asegurado121@example.com;Pasaje Demo 121, Santiago;DEMO-CTA-100121;ZX0121;Av. Demo 6578, Santiago;Carrocerías del Valle;0;;AUT-D168920;05-06-2024;05-06-2026;;5.000.000;100.000;1.682.000;;pagado
HIS-2025-0034;20-12-2025 17:40;23-12-2025;Asegurado demo 072;DEMO-0072;+56 9 0072 9789;asegurado072@example.com;Pasaje Demo 72, Puente Alto;DEMO-CTA-100072;ZX0072;Av. Demo 4419, Santiago;Taller Demo Poniente;0;;AUT-D284158;14-04-2024;14-04-2026;;6.000.000;150.000;353.000;;pagado
HIS-2025-0035;20-12-2025 17:50;22-12-2025;Asegurado demo 041;DEMO-0041;+56 9 0041 4594;asegurado041@example.com;Pasaje Demo 41, Vitacura;DEMO-CTA-100041;ZX0041;Av. Demo 1480, Puente Alto;Servicio Técnico Andes;0;;AUT-D129679;30-10-2023;29-10-2026;;5.000.000;150.000;1.918.000;;rechazado
HIS-2025-0036;22-12-2025 19:20;25-12-2025;Asegurado demo 071;DEMO-0071;+56 9 0071 1501;asegurado071@example.com;Pasaje Demo 71, Maipú;DEMO-CTA-100071;ZX0071;Av. Demo 3783, Santiago;Servicio Técnico Andes;0;;AUT-D341012;06-09-2023;05-09-2026;;9.000.000;250.000;726.000;;pagado
HIS-2025-0037;30-12-2025 13:10;30-12-2025;Asegurado demo 037;DEMO-0037;+56 9 0037 9931;asegurado037@example.com;Pasaje Demo 37, La Florida;DEMO-CTA-100037;ZX0037;Av. Demo 4489, La Florida;Taller Demo Poniente;2;;AUT-D520735;02-09-2023;01-09-2026;;8.000.000;250.000;288.000;;pagado
HIS-2025-0038;31-12-2025 13:20;31-12-2025;Asegurado demo 077;DEMO-0077;+56 9 0077 2613;asegurado077@example.com;Pasaje Demo 77, Puente Alto;DEMO-CTA-100077;ZX0077;Av. Demo 5699, Las Condes;Taller Demo Poniente;2;;AUT-D533977;25-07-2025;25-07-2027;;4.000.000;0;632.000;;pagado
HIS-2026-0039;06-01-2026 17:50;07-01-2026;Asegurado demo 093;DEMO-0093;+56 9 0093 2960;asegurado093@example.com;Pasaje Demo 93, Puente Alto;DEMO-CTA-100093;ZX0093;Av. Demo 3174, Las Condes;Carrocerías del Valle;1;;AUT-D167722;01-11-2024;01-11-2026;;7.000.000;100.000;1.375.000;;pagado
HIS-2026-0040;08-01-2026 09:00;10-01-2026;Asegurado demo 020;DEMO-0020;+56 9 0020 3644;asegurado020@example.com;Pasaje Demo 20, La Florida;DEMO-CTA-100020;ZX0020;Av. Demo 6891, Providencia;Automotriz Central;0;;AUT-D346651;06-09-2023;05-09-2026;;7.000.000;0;1.469.000;;pagado
HIS-2026-0041;09-01-2026 23:15;12-01-2026;Asegurado demo 135;DEMO-0135;+56 9 0135 3884;asegurado135@example.com;Pasaje Demo 135, Macul;DEMO-CTA-777001;ZX0135;Av. Demo 4575, Puente Alto;Taller Demo Sur;0;;AUT-D320233;28-12-2025;28-12-2027;;6.000.000;100.000;5.520.000;Dejé mi vehículo estacionado frente a mi domicilio durante la noche y al volver encontré el parachoques trasero y el costado izquierdo dañados, sin que nadie dejara sus datos. Solicito la reparación en el taller de mi confianza.;fraude
HIS-2026-0042;10-01-2026 12:00;11-01-2026;Asegurado demo 030;DEMO-0030;+56 9 0030 6465;asegurado030@example.com;Pasaje Demo 30, Macul;DEMO-CTA-100030;ZX0030;Av. Demo 2757, La Florida;Taller Mecánico Oriente;2;;AUT-D399451;15-03-2024;15-03-2026;;9.000.000;150.000;748.000;;pagado
HIS-2026-0043;10-01-2026 14:20;10-01-2026;Asegurado demo 086;DEMO-0086;+56 9 0086 6420;asegurado086@example.com;Pasaje Demo 86, Puente Alto;DEMO-CTA-100086;ZX0086;Av. Demo 3479, Maipú;Automotriz Central;0;;AUT-D339996;21-02-2025;21-02-2027;;9.000.000;100.000;403.000;;pagado
HIS-2026-0044;13-01-2026 18:50;13-01-2026;Asegurado demo 010;DEMO-0010;+56 9 0010 1731;asegurado010@example.com;Pasaje Demo 10, Macul;DEMO-CTA-100010;ZX0010;Av. Demo 5235, Vitacura;Servicio Técnico Andes;2;;AUT-D333756;09-06-2025;09-06-2027;;6.000.000;250.000;737.000;;pagado
HIS-2026-0045;20-01-2026 20:00;21-01-2026;Asegurado demo 090;DEMO-0090;+56 9 0090 3407;asegurado090@example.com;Pasaje Demo 90, Providencia;DEMO-CTA-100090;ZX0090;Av. Demo 4519, Vitacura;Servicio Técnico Andes;0;;AUT-D436981;07-09-2024;07-09-2026;;5.000.000;100.000;1.408.000;;rechazado
HIS-2026-0046;22-01-2026 10:30;22-01-2026;Asegurado demo 144;DEMO-0144;+56 9 0144 2826;gestiones.siniestros@example.com;Pasaje Demo 144, Maipú;DEMO-CTA-100144;ZX0144;Av. Demo 4324, Providencia;Desabolladura Los Pinos;1;;AUT-D636382;11-09-2024;11-09-2026;;6.000.000;0;1.558.000;;fraude
HIS-2026-0047;24-01-2026 09:20;24-01-2026;Asegurado demo 118;DEMO-0118;+56 9 0118 8368;asegurado118@example.com;Pasaje Demo 118, Providencia;DEMO-CTA-100118;ZX0118;Av. Demo 1824, Maipú;Desabolladura Los Pinos;2;;AUT-D755580;09-08-2024;09-08-2026;;4.000.000;100.000;1.604.000;;pagado
HIS-2026-0048;29-01-2026 10:30;01-02-2026;Asegurado demo 110;DEMO-0110;+56 9 0110 1056;asegurado110@example.com;Pasaje Demo 110, Providencia;DEMO-CTA-100110;ZX0110;Av. Demo 1516, Puente Alto;Taller Demo Poniente;0;;AUT-D453587;19-10-2023;18-10-2026;;5.000.000;150.000;930.000;;pagado
HIS-2026-0049;03-02-2026 14:20;18-02-2026;Asegurado demo 140;DEMO-0140;+56 9 0888 3434;asegurado140@example.com;Los Aromos 2020, La Florida;DEMO-CTA-100140;ZX0140;Av. Demo 7793, Ñuñoa;Carrocerías del Valle;2;;AUT-D523832;16-07-2024;16-07-2026;;6.000.000;100.000;1.415.000;Un vehículo me impactó en el cruce y huyó del lugar. Tengo daños en el tapabarro delantero y en el foco, y no alcancé a ver la patente del otro auto.;fraude
HIS-2026-0050;04-02-2026 10:50;07-02-2026;Asegurado demo 049;DEMO-0049;+56 9 0049 7664;asegurado049@example.com;Pasaje Demo 49, Las Condes;DEMO-CTA-100049;ZX0049;Av. Demo 223, Providencia;Taller Demo Norte;1;;AUT-D714475;26-10-2025;26-10-2027;;8.000.000;150.000;1.546.000;;pagado
HIS-2026-0051;04-02-2026 20:20;07-02-2026;Asegurado demo 054;DEMO-0054;+56 9 0054 1790;asegurado054@example.com;Pasaje Demo 54, Macul;DEMO-CTA-100054;ZX0054;Av. Demo 7776, Santiago;Taller Demo Norte;1;;AUT-D411173;17-09-2025;17-09-2027;;9.000.000;0;529.000;;pagado
HIS-2026-0052;07-02-2026 17:50;10-02-2026;Asegurado demo 039;DEMO-0039;+56 9 0039 5131;asegurado039@example.com;Pasaje Demo 39, Las Condes;DEMO-CTA-100039;ZX0039;Av. Demo 8012, Santiago;Automotriz Central;0;;AUT-D894055;11-10-2024;11-10-2026;;8.000.000;100.000;694.000;;pagado
HIS-2026-0053;08-02-2026 09:50;09-02-2026;Asegurado demo 038;DEMO-0038;+56 9 0038 6393;asegurado038@example.com;Pasaje Demo 38, Puente Alto;DEMO-CTA-100038;ZX0038;Av. Demo 7053, Santiago;Carrocerías del Valle;0;;AUT-D519182;16-01-2024;15-01-2027;;7.000.000;100.000;243.000;;pagado
HIS-2026-0054;16-02-2026 21:40;18-02-2026;Asegurado demo 083;DEMO-0083;+56 9 0083 8237;asegurado083@example.com;Pasaje Demo 83, Las Condes;DEMO-CTA-100083;ZX0083;Av. Demo 1907, Maipú;Automotriz Central;0;;AUT-D730057;22-03-2025;22-03-2027;;6.000.000;150.000;1.503.000;;pagado
HIS-2026-0055;20-02-2026 08:40;23-02-2026;Asegurado demo 123;DEMO-0123;+56 9 0123 6550;asegurado123@example.com;Pasaje Demo 123, Macul;DEMO-CTA-100123;ZX0123;Av. Demo 9035, Providencia;Taller Demo Norte;1;;AUT-D366033;20-02-2024;19-02-2027;;8.000.000;100.000;643.000;;pagado
HIS-2026-0056;21-02-2026 09:10;22-02-2026;Asegurado demo 009;DEMO-0009;+56 9 0009 5365;asegurado009@example.com;Pasaje Demo 9, Vitacura;DEMO-CTA-100009;ZX0009;Av. Demo 7462, Providencia;Taller Demo Norte;0;;AUT-D573149;28-10-2024;28-10-2026;;9.000.000;0;1.014.000;;pagado
HIS-2026-0057;23-02-2026 20:10;24-02-2026;Asegurado demo 126;DEMO-0126;+56 9 0126 2078;asegurado126@example.com;Pasaje Demo 126, Maipú;DEMO-CTA-100126;ZX0126;Av. Demo 3127, Las Condes;Desabolladura Los Pinos;2;;AUT-D949239;31-08-2025;31-08-2027;;9.000.000;250.000;1.038.000;;pagado
HIS-2026-0058;27-02-2026 23:15;02-03-2026;Asegurado demo 136;DEMO-0136;+56 9 0777 1212;asegurado136@example.com;Pasaje Demo 136, Las Condes;DEMO-CTA-777001;ZX0136;Av. Demo 7434, Las Condes;Taller Demo Sur;0;;AUT-D196167;08-02-2026;08-02-2028;;6.000.000;150.000;5.340.000;Dejé el auto estacionado frente a mi domicilio durante la noche y al volver encontré el parachoques trasero y el costado derecho dañados, sin que nadie dejara sus datos. Solicito la reparación en el taller de mi confianza.;fraude
HIS-2026-0059;01-03-2026 12:20;04-03-2026;Asegurado demo 022;DEMO-0022;+56 9 0022 9212;asegurado022@example.com;Pasaje Demo 22, La Florida;DEMO-CTA-100022;ZX0022;Av. Demo 487, La Florida;Carrocerías del Valle;1;;AUT-D862447;09-12-2023;08-12-2026;;4.000.000;0;1.416.000;;pagado
HIS-2026-0060;05-03-2026 08:20;08-03-2026;Asegurado demo 129;DEMO-0129;+56 9 0129 8651;asegurado129@example.com;Pasaje Demo 129, Ñuñoa;DEMO-CTA-100129;ZX0129;Av. Demo 942, Santiago;Carrocerías del Valle;0;;AUT-D398472;16-05-2025;16-05-2027;21-02-2026;8.000.000;250.000;1.693.000;;pagado
HIS-2026-0061;05-03-2026 11:40;05-03-2026;Asegurado demo 057;DEMO-0057;+56 9 0057 8678;asegurado057@example.com;Pasaje Demo 57, Maipú;DEMO-CTA-100057;ZX0057;Av. Demo 8111, Maipú;Servicio Técnico Andes;1;;AUT-D297764;02-11-2024;02-11-2026;;6.000.000;0;2.150.000;;pagado
HIS-2026-0062;07-03-2026 18:30;10-03-2026;Asegurado demo 084;DEMO-0084;+56 9 0084 3011;asegurado084@example.com;Pasaje Demo 84, Santiago;DEMO-CTA-100084;ZX0084;Av. Demo 1844, Santiago;Automotriz Costanera;2;;AUT-D574889;21-09-2024;21-09-2026;;8.000.000;150.000;1.745.000;;pagado
HIS-2026-0063;09-03-2026 17:20;12-03-2026;Asegurado demo 133;DEMO-0133;+56 9 0133 9728;asegurado133@example.com;Pasaje Demo 133, Vitacura;DEMO-CTA-100133;ZX0133;Av. Demo 1548, Ñuñoa;Automotriz Central;0;;AUT-D916219;27-12-2023;26-12-2026;;5.000.000;250.000;1.869.000;;fraude
HIS-2026-0064;11-03-2026 14:30;14-03-2026;Asegurado demo 024;DEMO-0024;+56 9 0024 3069;asegurado024@example.com;Pasaje Demo 24, Santiago;DEMO-CTA-100024;ZX0024;Av. Demo 3697, Las Condes;Servicio Técnico Andes;2;;AUT-D129797;07-11-2023;06-11-2026;;5.000.000;250.000;1.244.000;;pagado
HIS-2026-0065;14-03-2026 17:10;15-03-2026;Asegurado demo 130;DEMO-0130;+56 9 0130 8428;asegurado130@example.com;Pasaje Demo 130, Providencia;DEMO-CTA-100130;ZX0130;Av. Demo 6468, Macul;Taller Demo Poniente;1;;AUT-D214577;24-09-2024;24-09-2026;;8.000.000;0;1.843.000;;pagado
HIS-2026-0066;14-03-2026 21:30;15-03-2026;Asegurado demo 101;DEMO-0101;+56 9 0101 8058;asegurado101@example.com;Pasaje Demo 101, La Florida;DEMO-CTA-100101;ZX0101;Av. Demo 1565, Puente Alto;Automotriz Costanera;1;;AUT-D325583;28-10-2024;28-10-2026;;8.000.000;250.000;1.272.000;;pagado
HIS-2026-0067;16-03-2026 18:00;17-03-2026;Asegurado demo 080;DEMO-0080;+56 9 0080 7678;asegurado080@example.com;Pasaje Demo 80, Las Condes;DEMO-CTA-100080;ZX0080;Av. Demo 7056, Ñuñoa;Carrocerías del Valle;0;;AUT-D111499;17-01-2024;16-01-2027;;6.000.000;100.000;1.459.000;;pagado
HIS-2026-0068;19-03-2026 16:10;19-03-2026;Asegurado demo 076;DEMO-0076;+56 9 0076 8747;asegurado076@example.com;Pasaje Demo 76, Las Condes;DEMO-CTA-100076;ZX0076;Av. Demo 1762, Ñuñoa;Desabolladura Los Pinos;1;;AUT-D229104;18-12-2025;18-12-2027;;6.000.000;250.000;1.621.000;;pagado
HIS-2026-0069;20-03-2026 20:30;22-03-2026;Asegurado demo 070;DEMO-0070;+56 9 0070 7311;asegurado070@example.com;Pasaje Demo 70, La Florida;DEMO-CTA-100070;ZX0070;Av. Demo 7406, Puente Alto;Taller Demo Poniente;1;;AUT-D428361;21-03-2025;21-03-2027;;9.000.000;100.000;616.000;;pagado
HIS-2026-0070;25-03-2026 17:00;28-03-2026;Asegurado demo 055;DEMO-0055;+56 9 0055 2150;asegurado055@example.com;Pasaje Demo 55, Macul;DEMO-CTA-100055;ZX0055;Av. Demo 7941, Macul;Automotriz Central;0;;AUT-D433880;29-10-2023;28-10-2026;;7.000.000;100.000;308.000;;pagado
HIS-2026-0071;28-03-2026 18:00;31-03-2026;Asegurado demo 100;DEMO-0100;+56 9 0100 5559;asegurado100@example.com;Pasaje Demo 100, Maipú;DEMO-CTA-100100;ZX0100;Av. Demo 5852, Las Condes;Automotriz Costanera;2;;AUT-D238692;19-12-2025;19-12-2027;;4.000.000;100.000;1.435.000;;pagado
HIS-2026-0072;29-03-2026 14:00;01-04-2026;Asegurado demo 004;DEMO-0004;+56 9 0004 7043;asegurado004@example.com;Pasaje Demo 4, Santiago;DEMO-CTA-100004;ZX0004;Av. Demo 2007, Puente Alto;Taller Demo Poniente;1;;AUT-D650138;08-06-2024;08-06-2026;;7.000.000;150.000;1.920.000;;pagado
HIS-2026-0073;30-03-2026 11:00;13-04-2026;Asegurado demo 141;DEMO-0141;+56 9 0888 3434;asegurado141@example.com;Los Aromos 2020, La Florida;DEMO-CTA-100141;ZX0141;Av. Demo 7099, La Florida;Carrocerías del Valle;0;;AUT-D999607;15-11-2024;15-11-2026;;5.000.000;0;518.000;;fraude
HIS-2026-0074;31-03-2026 14:00;31-03-2026;Asegurado demo 091;DEMO-0091;+56 9 0091 2688;asegurado091@example.com;Pasaje Demo 91, Maipú;DEMO-CTA-100091;ZX0091;Av. Demo 264, Santiago;Taller Demo Norte;1;;AUT-D679295;26-12-2024;26-12-2026;;6.000.000;100.000;996.000;;pagado
HIS-2026-0075;31-03-2026 17:40;01-04-2026;Asegurado demo 013;DEMO-0013;+56 9 0013 2988;asegurado013@example.com;Pasaje Demo 13, Vitacura;DEMO-CTA-100013;ZX0013;Av. Demo 7204, Santiago;Taller Demo Poniente;2;;AUT-D344660;26-08-2025;26-08-2027;;5.000.000;0;1.834.000;;rechazado
HIS-2026-0076;01-04-2026 18:50;03-04-2026;Asegurado demo 042;DEMO-0042;+56 9 0042 9411;asegurado042@example.com;Pasaje Demo 42, Maipú;DEMO-CTA-100042;ZX0042;Av. Demo 5307, Vitacura;Taller Mecánico Oriente;1;;AUT-D442919;14-02-2025;14-02-2027;;6.000.000;150.000;350.000;;pagado
HIS-2026-0077;02-04-2026 10:50;02-04-2026;Asegurado demo 099;DEMO-0099;+56 9 0099 1857;asegurado099@example.com;Pasaje Demo 99, Providencia;DEMO-CTA-100099;ZX0099;Av. Demo 5931, Ñuñoa;Taller Mecánico Oriente;0;;AUT-D354754;15-12-2024;15-12-2026;;7.000.000;250.000;1.123.000;;pagado
HIS-2026-0078;04-04-2026 16:30;07-04-2026;Asegurado demo 053;DEMO-0053;+56 9 0053 7525;asegurado053@example.com;Pasaje Demo 53, Providencia;DEMO-CTA-100053;ZX0053;Av. Demo 2360, Ñuñoa;Servicio Técnico Andes;2;;AUT-D333404;06-02-2025;06-02-2027;;6.000.000;150.000;2.067.000;;pagado
HIS-2026-0079;05-04-2026 20:20;08-04-2026;Asegurado demo 043;DEMO-0043;+56 9 0043 3182;asegurado043@example.com;Pasaje Demo 43, Providencia;DEMO-CTA-100043;ZX0043;Av. Demo 3356, Santiago;Taller Mecánico Oriente;2;;AUT-D983160;24-12-2023;23-12-2026;;6.000.000;250.000;1.445.000;;pagado
HIS-2026-0080;07-04-2026 08:20;10-04-2026;Asegurado demo 028;DEMO-0028;+56 9 0028 7726;asegurado028@example.com;Pasaje Demo 28, Las Condes;DEMO-CTA-100028;ZX0028;Av. Demo 714, Las Condes;Taller Demo Norte;1;;AUT-D490902;18-02-2024;17-02-2027;;8.000.000;150.000;765.000;;pagado
HIS-2026-0081;09-04-2026 08:00;12-04-2026;Asegurado demo 107;DEMO-0107;+56 9 0107 1305;asegurado107@example.com;Pasaje Demo 107, Providencia;DEMO-CTA-100107;ZX0107;Av. Demo 933, Maipú;Servicio Técnico Andes;1;;AUT-D310574;21-10-2025;21-10-2027;;8.000.000;100.000;358.000;;pagado
HIS-2026-0082;14-04-2026 16:50;17-04-2026;Asegurado demo 001;DEMO-0001;+56 9 0001 2951;asegurado001@example.com;Pasaje Demo 1, Santiago;DEMO-CTA-100001;ZX0001;Av. Demo 9480, Macul;Taller Demo Poniente;2;;AUT-D562521;30-06-2025;30-06-2027;;4.000.000;100.000;210.000;;pagado
HIS-2026-0083;18-04-2026 11:20;19-04-2026;Asegurado demo 046;DEMO-0046;+56 9 0046 9627;asegurado046@example.com;Pasaje Demo 46, Las Condes;DEMO-CTA-100046;ZX0046;Av. Demo 9256, Santiago;Carrocerías del Valle;2;;AUT-D511043;05-10-2024;05-10-2026;;9.000.000;100.000;822.000;;pagado
HIS-2026-0084;18-04-2026 23:15;21-04-2026;Asegurado demo 137;DEMO-0137;+56 9 0777 1212;contacto.reparaciones@example.com;Pasaje Demo 137, Vitacura;DEMO-CTA-100137;ZX0137;Av. Demo 7296, Las Condes;Taller Demo Sur;0;;AUT-D166174;03-04-2026;02-04-2028;;6.000.000;0;5.520.000;Dejé el auto estacionado frente a mi domicilio durante la noche y al volver encontré el parachoques trasero y el costado izquierdo dañados, sin que nadie dejara datos. Solicito la reparación en el taller de mi confianza.;fraude
HIS-2026-0085;19-04-2026 18:50;19-04-2026;Asegurado demo 032;DEMO-0032;+56 9 0032 1465;asegurado032@example.com;Pasaje Demo 32, Ñuñoa;DEMO-CTA-100032;ZX0032;Av. Demo 6236, Ñuñoa;Carrocerías del Valle;1;;AUT-D326693;26-12-2023;25-12-2026;;9.000.000;100.000;1.216.000;;pagado
HIS-2026-0086;20-04-2026 20:00;21-04-2026;Asegurado demo 005;DEMO-0005;+56 9 0005 8851;asegurado005@example.com;Pasaje Demo 5, Macul;DEMO-CTA-100005;ZX0005;Av. Demo 900, Macul;Taller Demo Norte;2;;AUT-D752539;05-07-2025;05-07-2027;;8.000.000;250.000;2.125.000;;pagado
HIS-2026-0087;21-04-2026 21:30;22-04-2026;Asegurado demo 097;DEMO-0097;+56 9 0097 5145;asegurado097@example.com;Pasaje Demo 97, Vitacura;DEMO-CTA-100097;ZX0097;Av. Demo 800, Santiago;Taller Demo Poniente;2;;AUT-D612329;15-03-2025;15-03-2027;;9.000.000;250.000;455.000;;pagado
HIS-2026-0088;23-04-2026 14:20;25-04-2026;Asegurado demo 082;DEMO-0082;+56 9 0082 9581;asegurado082@example.com;Pasaje Demo 82, Las Condes;DEMO-CTA-100082;ZX0082;Av. Demo 8739, Vitacura;Taller Mecánico Oriente;1;;AUT-D874329;03-08-2024;03-08-2026;;4.000.000;150.000;1.051.000;;pagado
HIS-2026-0089;25-04-2026 15:30;27-04-2026;Asegurado demo 127;DEMO-0127;+56 9 0127 7482;asegurado127@example.com;Pasaje Demo 127, Providencia;DEMO-CTA-100127;ZX0127;Av. Demo 5095, Las Condes;Taller Mecánico Oriente;1;;AUT-D644851;12-02-2026;12-02-2028;11-04-2026;9.000.000;150.000;1.375.000;;pagado
HIS-2026-0090;26-04-2026 11:50;26-04-2026;Asegurado demo 029;DEMO-0029;+56 9 0029 2650;asegurado029@example.com;Pasaje Demo 29, Providencia;DEMO-CTA-100029;ZX0029;Av. Demo 6543, Puente Alto;Servicio Técnico Andes;2;;AUT-D210018;17-04-2025;17-04-2027;;8.000.000;0;781.000;;pagado
HIS-2026-0091;26-04-2026 21:20;26-04-2026;Asegurado demo 056;DEMO-0056;+56 9 0056 2505;asegurado056@example.com;Pasaje Demo 56, Las Condes;DEMO-CTA-100056;ZX0056;Av. Demo 8633, Ñuñoa;Carrocerías del Valle;2;;AUT-D260676;09-01-2026;09-01-2028;;4.000.000;150.000;2.128.000;;pagado
HIS-2026-0092;28-04-2026 11:10;28-04-2026;Asegurado demo 131;DEMO-0131;+56 9 0131 6134;asegurado131@example.com;Pasaje Demo 131, Puente Alto;DEMO-CTA-100131;ZX0131;Av. Demo 7921, Santiago;Automotriz Costanera;2;;AUT-D721478;25-01-2025;25-01-2027;;7.000.000;250.000;1.649.000;;fraude
HIS-2026-0093;28-04-2026 16:00;29-04-2026;Asegurado demo 092;DEMO-0092;+56 9 0092 2520;asegurado092@example.com;Pasaje Demo 92, La Florida;DEMO-CTA-100092;ZX0092;Av. Demo 7701, Macul;Carrocerías del Valle;0;;AUT-D279101;15-12-2025;15-12-2027;;8.000.000;100.000;995.000;;pagado
HIS-2026-0094;29-04-2026 13:10;29-04-2026;Asegurado demo 023;DEMO-0023;+56 9 0023 6224;asegurado023@example.com;Pasaje Demo 23, Providencia;DEMO-CTA-100023;ZX0023;Av. Demo 2756, Ñuñoa;Taller Demo Norte;0;;AUT-D231787;02-01-2026;02-01-2028;;8.000.000;150.000;1.437.000;;rechazado
HIS-2026-0095;30-04-2026 13:00;01-05-2026;Asegurado demo 114;DEMO-0114;+56 9 0114 6145;asegurado114@example.com;Pasaje Demo 114, La Florida;DEMO-CTA-100114;ZX0114;Av. Demo 5503, Ñuñoa;Automotriz Costanera;1;;AUT-D535058;21-01-2025;21-01-2027;;7.000.000;100.000;1.496.000;;pagado
HIS-2026-0096;02-05-2026 09:10;03-05-2026;Asegurado demo 102;DEMO-0102;+56 9 0102 4912;asegurado102@example.com;Pasaje Demo 102, Santiago;DEMO-CTA-100102;ZX0102;Av. Demo 1397, Vitacura;Servicio Técnico Andes;0;;AUT-D856852;02-06-2025;02-06-2027;;9.000.000;100.000;1.464.000;;pagado
HIS-2026-0097;02-05-2026 18:00;05-05-2026;Asegurado demo 145;DEMO-0145;+56 9 0145 4901;gestiones.siniestros@example.com;Pasaje Demo 145, Ñuñoa;DEMO-CTA-100145;ZX0145;Av. Demo 1156, Providencia;Taller Demo Norte;0;;AUT-D220285;27-12-2023;26-12-2026;;9.000.000;150.000;1.370.000;;pagado
HIS-2026-0098;02-05-2026 19:00;02-05-2026;Asegurado demo 115;DEMO-0115;+56 9 0115 4210;asegurado115@example.com;Pasaje Demo 115, La Florida;DEMO-CTA-100115;ZX0115;Av. Demo 7557, Las Condes;Automotriz Costanera;1;;AUT-D335075;04-06-2025;04-06-2027;;5.000.000;250.000;1.820.000;;pagado
HIS-2026-0099;04-05-2026 13:10;07-05-2026;Asegurado demo 094;DEMO-0094;+56 9 0094 9754;asegurado094@example.com;Pasaje Demo 94, Providencia;DEMO-CTA-100094;ZX0094;Av. Demo 657, La Florida;Servicio Técnico Andes;1;;AUT-D576350;27-05-2025;27-05-2027;;9.000.000;250.000;623.000;;pagado
HIS-2026-0100;05-05-2026 18:00;08-05-2026;Asegurado demo 008;DEMO-0008;+56 9 0008 9145;asegurado008@example.com;Pasaje Demo 8, Puente Alto;DEMO-CTA-100008;ZX0008;Av. Demo 1711, Vitacura;Taller Mecánico Oriente;1;;AUT-D291940;16-04-2025;16-04-2027;;6.000.000;250.000;2.162.000;;pagado
HIS-2026-0101;07-05-2026 12:30;09-05-2026;Asegurado demo 074;DEMO-0074;+56 9 0074 9418;asegurado074@example.com;Pasaje Demo 74, Santiago;DEMO-CTA-100074;ZX0074;Av. Demo 8390, Santiago;Carrocerías del Valle;1;;AUT-D651294;31-03-2024;31-03-2027;;5.000.000;100.000;255.000;;pagado
HIS-2026-0102;07-05-2026 21:10;10-05-2026;Asegurado demo 045;DEMO-0045;+56 9 0045 3968;asegurado045@example.com;Pasaje Demo 45, Ñuñoa;DEMO-CTA-100045;ZX0045;Av. Demo 1842, Maipú;Automotriz Central;1;;AUT-D352597;14-09-2024;14-09-2026;;6.000.000;100.000;1.957.000;;pagado
HIS-2026-0103;07-05-2026 21:20;09-05-2026;Asegurado demo 027;DEMO-0027;+56 9 0027 6897;asegurado027@example.com;Pasaje Demo 27, Maipú;DEMO-CTA-100027;ZX0027;Av. Demo 5983, Vitacura;Taller Demo Poniente;2;;AUT-D950853;15-08-2025;15-08-2027;;6.000.000;250.000;1.478.000;;pagado
HIS-2026-0104;11-05-2026 08:50;12-05-2026;Asegurado demo 116;DEMO-0116;+56 9 0116 9469;asegurado116@example.com;Pasaje Demo 116, Las Condes;DEMO-CTA-100116;ZX0116;Av. Demo 343, Macul;Servicio Técnico Andes;2;;AUT-D855963;22-12-2023;21-12-2026;;8.000.000;150.000;832.000;;pagado
HIS-2026-0105;16-05-2026 13:00;16-05-2026;Asegurado demo 034;DEMO-0034;+56 9 0034 6876;asegurado034@example.com;Pasaje Demo 34, Vitacura;DEMO-CTA-100034;ZX0034;Av. Demo 8207, La Florida;Taller Mecánico Oriente;2;;AUT-D337028;10-01-2024;09-01-2027;;4.000.000;100.000;1.531.000;;pagado
HIS-2026-0106;16-05-2026 16:45;29-05-2026;Asegurado demo 142;DEMO-0142;+56 9 0888 3434;asegurado142@example.com;Los Aromos 2020, La Florida;DEMO-CTA-100142;ZX0142;Av. Demo 6830, Providencia;Carrocerías del Valle;1;;AUT-D979614;29-06-2024;29-06-2026;;6.000.000;150.000;1.548.000;Un vehículo me impactó en el cruce y huyó del lugar. Tengo daños en el tapabarro delantero y en el foco, y no alcancé a ver la patente del otro auto.;fraude
HIS-2026-0107;18-05-2026 09:10;19-05-2026;Asegurado demo 068;DEMO-0068;+56 9 0068 3875;asegurado068@example.com;Pasaje Demo 68, Vitacura;DEMO-CTA-100068;ZX0068;Av. Demo 8334, Vitacura;Taller Demo Norte;0;;AUT-D233351;22-11-2024;22-11-2026;;9.000.000;0;2.360.000;;pagado
HIS-2026-0108;19-05-2026 21:40;20-05-2026;Asegurado demo 112;DEMO-0112;+56 9 0112 3777;asegurado112@example.com;Pasaje Demo 112, Maipú;DEMO-CTA-100112;ZX0112;Av. Demo 3321, Vitacura;Automotriz Central;0;;AUT-D610317;27-02-2024;26-02-2027;;4.000.000;0;2.297.000;;pagado
HIS-2026-0109;22-05-2026 18:20;23-05-2026;Asegurado demo 125;DEMO-0125;+56 9 0125 9712;asegurado125@example.com;Pasaje Demo 125, Las Condes;DEMO-CTA-100125;ZX0125;Av. Demo 4833, Ñuñoa;Automotriz Central;2;;AUT-D239728;17-12-2023;16-12-2026;;4.000.000;100.000;2.285.000;;pagado
HIS-2026-0110;22-05-2026 21:40;22-05-2026;Asegurado demo 059;DEMO-0059;+56 9 0059 1430;asegurado059@example.com;Pasaje Demo 59, Santiago;DEMO-CTA-100059;ZX0059;Av. Demo 9320, Santiago;Desabolladura Los Pinos;2;;AUT-D179671;26-09-2024;26-09-2026;;5.000.000;100.000;2.073.000;;pagado
HIS-2026-0111;30-05-2026 13:10;02-06-2026;Asegurado demo 075;DEMO-0075;+56 9 0075 8033;asegurado075@example.com;Pasaje Demo 75, Puente Alto;DEMO-CTA-100075;ZX0075;Av. Demo 5936, Providencia;Taller Demo Norte;0;;AUT-D325764;10-08-2024;10-08-2026;;8.000.000;100.000;2.209.000;;pagado
HIS-2026-0112;01-06-2026 08:10;01-06-2026;Asegurado demo 124;DEMO-0124;+56 9 0124 1684;asegurado124@example.com;Pasaje Demo 124, Maipú;DEMO-CTA-100124;ZX0124;Av. Demo 2663, Ñuñoa;Carrocerías del Valle;0;;AUT-D101948;08-04-2025;08-04-2027;;5.000.000;150.000;682.000;;pagado
HIS-2026-0113;01-06-2026 19:30;03-06-2026;Asegurado demo 006;DEMO-0006;+56 9 0006 4750;asegurado006@example.com;Pasaje Demo 6, Ñuñoa;DEMO-CTA-100006;ZX0006;Av. Demo 9271, Puente Alto;Taller Mecánico Oriente;2;;AUT-D938653;08-12-2024;08-12-2026;;9.000.000;250.000;1.846.000;;pagado
HIS-2026-0114;05-06-2026 23:15;08-06-2026;Asegurado demo 138;DEMO-0138;+56 9 0138 1276;contacto.reparaciones@example.com;Pasaje Demo 138, Ñuñoa;DEMO-CTA-100138;ZX0138;Av. Demo 6590, Macul;Taller Demo Sur;0;;AUT-D264765;25-05-2026;24-05-2028;;6.000.000;100.000;5.460.000;Dejé el auto estacionado frente a mi domicilio durante la noche y al volver encontré el parachoques trasero y el costado izquierdo dañados, sin que nadie dejara sus datos. Pido la reparación en el taller de mi confianza.;fraude
HIS-2026-0115;08-06-2026 18:10;08-06-2026;Asegurado demo 065;DEMO-0065;+56 9 0065 7550;asegurado065@example.com;Pasaje Demo 65, La Florida;DEMO-CTA-100065;ZX0065;Av. Demo 5741, Ñuñoa;Servicio Técnico Andes;2;;AUT-D641923;05-01-2026;05-01-2028;;7.000.000;100.000;2.142.000;;pagado
HIS-2026-0116;09-06-2026 16:00;10-06-2026;Asegurado demo 014;DEMO-0014;+56 9 0014 3840;asegurado014@example.com;Pasaje Demo 14, Providencia;DEMO-CTA-100014;ZX0014;Av. Demo 8027, Providencia;Servicio Técnico Andes;2;;AUT-D655678;28-02-2024;27-02-2027;;7.000.000;100.000;2.317.000;;pagado
HIS-2026-0117;10-06-2026 12:10;11-06-2026;Asegurado demo 067;DEMO-0067;+56 9 0067 2363;asegurado067@example.com;Pasaje Demo 67, Providencia;DEMO-CTA-100067;ZX0067;Av. Demo 5076, Las Condes;Taller Mecánico Oriente;2;;AUT-D657056;21-03-2025;21-03-2027;;4.000.000;0;316.000;;pagado
HIS-2026-0118;10-06-2026 18:30;10-06-2026;Asegurado demo 062;DEMO-0062;+56 9 0062 1567;asegurado062@example.com;Pasaje Demo 62, Maipú;DEMO-CTA-100062;ZX0062;Av. Demo 2858, Ñuñoa;Taller Mecánico Oriente;0;;AUT-D107657;17-06-2025;17-06-2027;;4.000.000;150.000;378.000;;pagado
HIS-2026-0119;14-06-2026 21:10;17-06-2026;Asegurado demo 015;DEMO-0015;+56 9 0015 3256;asegurado015@example.com;Pasaje Demo 15, Las Condes;DEMO-CTA-100015;ZX0015;Av. Demo 8832, Puente Alto;Taller Demo Norte;1;;AUT-D419720;10-07-2025;10-07-2027;;7.000.000;100.000;1.609.000;;pagado
HIS-2026-0120;21-06-2026 10:20;22-06-2026;Asegurado demo 128;DEMO-0128;+56 9 0128 3299;asegurado128@example.com;Pasaje Demo 128, Vitacura;DEMO-CTA-100128;ZX0128;Av. Demo 8131, La Florida;Taller Mecánico Oriente;2;;AUT-D763397;09-02-2026;09-02-2028;03-06-2026;6.000.000;250.000;1.854.000;;pagado
HIS-2026-0121;21-06-2026 12:10;24-06-2026;Asegurado demo 105;DEMO-0105;+56 9 0105 5426;asegurado105@example.com;Pasaje Demo 105, Providencia;DEMO-CTA-100105;ZX0105;Av. Demo 4661, Vitacura;Taller Demo Norte;2;;AUT-D235116;16-07-2025;16-07-2027;;8.000.000;150.000;1.291.000;;pagado
HIS-2026-0122;21-06-2026 21:30;23-06-2026;Asegurado demo 095;DEMO-0095;+56 9 0095 3024;asegurado095@example.com;Pasaje Demo 95, La Florida;DEMO-CTA-100095;ZX0095;Av. Demo 4752, La Florida;Servicio Técnico Andes;2;;AUT-D973602;18-12-2024;18-12-2026;;4.000.000;0;478.000;;pagado
HIS-2026-0123;23-06-2026 08:20;24-06-2026;Asegurado demo 019;DEMO-0019;+56 9 0019 3806;asegurado019@example.com;Pasaje Demo 19, Ñuñoa;DEMO-CTA-100019;ZX0019;Av. Demo 1841, Macul;Carrocerías del Valle;1;;AUT-D716676;24-01-2024;23-01-2027;;9.000.000;0;1.392.000;;pagado
HIS-2026-0124;27-06-2026 11:20;27-06-2026;Asegurado demo 081;DEMO-0081;+56 9 0081 8121;asegurado081@example.com;Pasaje Demo 81, Ñuñoa;DEMO-CTA-100081;ZX0081;Av. Demo 9567, La Florida;Carrocerías del Valle;1;;AUT-D999514;04-03-2025;04-03-2027;;4.000.000;150.000;1.158.000;;pagado
HIS-2026-0125;02-07-2026 09:40;04-07-2026;Asegurado demo 130;DEMO-0130;+56 9 0130 8428;asegurado130@example.com;Pasaje Demo 130, Providencia;DEMO-CTA-100130;ZX0130;Av. Demo 6645, La Florida;Automotriz Central;0;;AUT-D581896;16-08-2025;16-08-2027;;6.000.000;100.000;309.000;;pagado
HIS-2026-0126;08-07-2026 13:00;10-07-2026;Asegurado demo 003;DEMO-0003;+56 9 0003 9414;asegurado003@example.com;Pasaje Demo 3, Ñuñoa;DEMO-CTA-100003;ZX0003;Av. Demo 4812, Vitacura;Servicio Técnico Andes;2;;AUT-D838171;05-11-2024;05-11-2026;;8.000.000;150.000;301.000;;pagado
HIS-2026-0127;08-07-2026 14:30;09-07-2026;Asegurado demo 051;DEMO-0051;+56 9 0051 9779;asegurado051@example.com;Pasaje Demo 51, Puente Alto;DEMO-CTA-100051;ZX0051;Av. Demo 5157, Vitacura;Taller Demo Poniente;0;;AUT-D321305;18-05-2024;18-05-2027;;6.000.000;100.000;674.000;;pagado
HIS-2026-0128;09-07-2026 18:30;10-07-2026;Asegurado demo 035;DEMO-0035;+56 9 0035 6434;asegurado035@example.com;Pasaje Demo 35, Santiago;DEMO-CTA-100035;ZX0035;Av. Demo 3319, Vitacura;Desabolladura Los Pinos;2;;AUT-D465477;23-06-2025;23-06-2027;;7.000.000;150.000;1.878.000;;pagado
HIS-2026-0129;10-07-2026 12:40;11-07-2026;Asegurado demo 132;DEMO-0132;+56 9 0132 2307;asegurado132@example.com;Pasaje Demo 132, Puente Alto;DEMO-CTA-100132;ZX0132;Av. Demo 828, Maipú;Automotriz Costanera;0;;AUT-D945102;16-12-2024;16-12-2026;;4.000.000;100.000;338.000;;fraude
HIS-2026-0130;11-07-2026 13:05;31-07-2026;Asegurado demo 143;DEMO-0143;+56 9 0888 3434;asegurado143@example.com;Los Aromos 2020, La Florida;DEMO-CTA-100143;ZX0143;Av. Demo 4497, Macul;Carrocerías del Valle;0;;AUT-D398101;14-04-2026;13-04-2028;;4.000.000;0;203.000;;rechazado
HIS-2026-0131;13-07-2026 13:20;15-07-2026;Asegurado demo 085;DEMO-0085;+56 9 0085 6836;asegurado085@example.com;Pasaje Demo 85, Puente Alto;DEMO-CTA-100085;ZX0085;Av. Demo 6872, Vitacura;Automotriz Central;2;;AUT-D124263;04-05-2026;03-05-2028;;7.000.000;150.000;423.000;;pagado
HIS-2026-0132;17-07-2026 13:30;19-07-2026;Asegurado demo 104;DEMO-0104;+56 9 0104 9373;asegurado104@example.com;Pasaje Demo 104, Puente Alto;DEMO-CTA-100104;ZX0104;Av. Demo 2052, Providencia;Servicio Técnico Andes;0;;AUT-D441459;16-01-2026;16-01-2028;;4.000.000;150.000;1.125.000;;pagado
HIS-2026-0133;17-07-2026 14:50;20-07-2026;Asegurado demo 119;DEMO-0119;+56 9 0119 7293;asegurado119@example.com;Pasaje Demo 119, Santiago;DEMO-CTA-100119;ZX0119;Av. Demo 8717, Las Condes;Taller Demo Poniente;1;;AUT-D828764;27-07-2024;27-07-2027;;5.000.000;0;2.294.000;;pagado
HIS-2026-0134;19-07-2026 10:50;22-07-2026;Asegurado demo 048;DEMO-0048;+56 9 0048 4056;asegurado048@example.com;Pasaje Demo 48, Providencia;DEMO-CTA-100048;ZX0048;Av. Demo 9046, Providencia;Taller Mecánico Oriente;0;;AUT-D639573;23-03-2025;23-03-2027;;5.000.000;150.000;576.000;;pagado
HIS-2026-0135;19-07-2026 17:50;21-07-2026;Asegurado demo 018;DEMO-0018;+56 9 0018 5595;asegurado018@example.com;Pasaje Demo 18, Macul;DEMO-CTA-100018;ZX0018;Av. Demo 9321, La Florida;Servicio Técnico Andes;0;;AUT-D919504;14-10-2024;14-10-2026;;5.000.000;150.000;594.000;;pagado
HIS-2026-0136;21-07-2026 19:20;21-07-2026;Asegurado demo 026;DEMO-0026;+56 9 0026 6582;asegurado026@example.com;Pasaje Demo 26, Macul;DEMO-CTA-100026;ZX0026;Av. Demo 4078, Vitacura;Automotriz Central;0;;AUT-D812133;18-07-2024;18-07-2027;;4.000.000;100.000;1.834.000;;pagado
HIS-2026-0137;30-07-2026 15:40;30-07-2026;Asegurado demo 021;DEMO-0021;+56 9 0021 6739;asegurado021@example.com;Pasaje Demo 21, Santiago;DEMO-CTA-100021;ZX0021;Av. Demo 6722, Santiago;Desabolladura Los Pinos;2;;AUT-D585144;30-07-2024;30-07-2027;;9.000.000;250.000;689.000;;pagado
HIS-2026-0138;31-07-2026 21:30;01-08-2026;Asegurado demo 016;DEMO-0016;+56 9 0016 8600;asegurado016@example.com;Pasaje Demo 16, Vitacura;DEMO-CTA-100016;ZX0016;Av. Demo 5437, Macul;Taller Demo Poniente;1;;AUT-D225939;08-02-2025;08-02-2027;;6.000.000;150.000;587.000;;pagado
HIS-2026-0139;09-08-2026 14:30;10-08-2026;Asegurado demo 060;DEMO-0060;+56 9 0060 2819;asegurado060@example.com;Pasaje Demo 60, Ñuñoa;DEMO-CTA-100060;ZX0060;Av. Demo 937, La Florida;Servicio Técnico Andes;2;;AUT-D379329;03-10-2025;03-10-2027;;4.000.000;150.000;546.000;;
HIS-2026-0140;14-08-2026 09:30;17-08-2026;Asegurado demo 002;DEMO-0002;+56 9 0002 2814;asegurado002@example.com;Pasaje Demo 2, La Florida;DEMO-CTA-100002;ZX0002;Av. Demo 5248, Maipú;Automotriz Costanera;1;;AUT-D464545;03-03-2024;03-03-2027;;4.000.000;150.000;1.741.000;;
HIS-2026-0141;22-08-2026 23:15;22-08-2026;Asegurado demo 139;DEMO-0139;+56 9 0139 7952;contacto.reparaciones@example.com;Pasaje Demo 139, Las Condes;DEMO-CTA-100139;ZX0139;Av. Demo 2916, La Florida;Taller Demo Sur;0;;AUT-D489458;09-08-2026;08-08-2028;;6.000.000;0;5.340.000;Dejé el auto estacionado frente a mi domicilio durante la noche y al volver encontré el parachoques trasero y el costado izquierdo dañados, sin que nadie dejara sus datos. Solicito la reparación en el taller de mi confianza.;
HIS-2026-0142;26-08-2026 17:50;28-08-2026;Asegurado demo 031;DEMO-0031;+56 9 0031 4091;asegurado031@example.com;Pasaje Demo 31, Providencia;DEMO-CTA-100031;ZX0031;Av. Demo 8904, Las Condes;Automotriz Central;0;;AUT-D429957;21-04-2025;21-04-2027;;7.000.000;100.000;871.000;;
HIS-2026-0143;30-08-2026 15:20;30-08-2026;Asegurado demo 078;DEMO-0078;+56 9 0078 4124;asegurado078@example.com;Pasaje Demo 78, Macul;DEMO-CTA-100078;ZX0078;Av. Demo 1518, Santiago;Desabolladura Los Pinos;0;;AUT-D564897;28-12-2025;28-12-2027;;8.000.000;250.000;607.000;;
HIS-2026-0144;01-09-2026 09:50;03-09-2026;Asegurado demo 044;DEMO-0044;+56 9 0044 1887;asegurado044@example.com;Pasaje Demo 44, Puente Alto;DEMO-CTA-100044;ZX0044;Av. Demo 8006, Ñuñoa;Carrocerías del Valle;1;;AUT-D433379;11-09-2024;11-09-2027;;9.000.000;150.000;1.674.000;;
HIS-2026-0145;05-09-2026 09:10;05-09-2026;Asegurado demo 113;DEMO-0113;+56 9 0113 7026;asegurado113@example.com;Pasaje Demo 113, Macul;DEMO-CTA-100113;ZX0113;Av. Demo 4884, Vitacura;Automotriz Central;2;;AUT-D522167;06-11-2024;06-11-2026;;8.000.000;250.000;1.595.000;;
HIS-2026-0146;06-09-2026 11:50;06-09-2026;Asegurado demo 096;DEMO-0096;+56 9 0096 8127;asegurado096@example.com;Pasaje Demo 96, Ñuñoa;DEMO-CTA-100096;ZX0096;Av. Demo 592, Santiago;Desabolladura Los Pinos;0;;AUT-D756514;01-01-2025;01-01-2027;;5.000.000;150.000;584.000;;
HIS-2026-0147;09-09-2026 19:50;10-09-2026;Asegurado demo 063;DEMO-0063;+56 9 0063 5249;asegurado063@example.com;Pasaje Demo 63, Ñuñoa;DEMO-CTA-100063;ZX0063;Av. Demo 8214, Providencia;Carrocerías del Valle;0;;AUT-D662833;21-01-2026;21-01-2028;;8.000.000;250.000;2.100.000;;
